compilador_flag,photons,time,pus
gcc_O2,16777216, 30.456604, 0.550856
gcc_O2,16777216, 30.552482, 0.549128
gcc_O2,16777216, 30.542172, 0.549313
gcc_O2,16777216, 30.569602, 0.548820
gcc_O2,16777216, 30.779703, 0.545074
gcc_O2,16777216, 30.795454, 0.544795
gcc_O2,16777216, 30.537535, 0.549397
gcc_O2,16777216, 30.536191, 0.549421
gcc_O2,16777216, 30.548675, 0.549196
gcc_O2,16777216, 30.894770, 0.543044
