compilador_flag,photons,time,pus
gcc_O2,16777216, 36.081257, 0.464984
gcc_O2,16777216, 36.374526, 0.461235
gcc_O2,16777216, 36.293941, 0.462259
gcc_O2,16777216, 36.085851, 0.464925
gcc_O2,16777216, 36.078408, 0.465021
gcc_O2,16777216, 36.154136, 0.464047
gcc_O2,16777216, 36.447586, 0.460311
gcc_O2,16777216, 36.129736, 0.464360
gcc_O2,16777216, 36.101886, 0.464719
gcc_O2,16777216, 36.136129, 0.464278
