compilador_flag,photons,time,pus
gcc_O2,16777216, 12.208516, 1.374222
gcc_O2,16777216, 12.180300, 1.377406
gcc_O2,16777216, 12.170669, 1.378496
gcc_O2,16777216, 12.001864, 1.397884
gcc_O2,16777216, 12.109576, 1.385450
gcc_O2,16777216, 12.096774, 1.386916
gcc_O2,16777216, 12.318407, 1.361963
gcc_O2,16777216, 12.565720, 1.335158
gcc_O2,16777216, 12.215931, 1.373388
gcc_O2,16777216, 12.073561, 1.389583
