compilador_flag,photons,time,pus
gcc_O2,16777216, 6.541316, 2.564807
gcc_O2,16777216, 7.167863, 2.340616
gcc_O2,16777216, 6.546097, 2.562934
gcc_O2,16777216, 6.592541, 2.544879
gcc_O2,16777216, 6.526117, 2.570781
gcc_O2,16777216, 7.323913, 2.580165
gcc_O2,16777216, 6.509910, 2.577181
gcc_O2,16777216, 6.519725, 2.573301
gcc_O2,16777216, 6.598039, 2.542758
gcc_O2,16777216, 6.524165, 2.571550