compilador_flag,photons,time,pus
gcc_O2,16777216, 13.697908, 1.224801
gcc_O2,16777216, 15.090166, 1.111798
gcc_O2,16777216, 13.422740, 1.249910
gcc_O2,16777216, 13.246366, 1.266552
gcc_O2,16777216, 14.462925, 1.160015
gcc_O2,16777216, 13.249340, 1.266268
gcc_O2,16777216, 13.738629, 1.221171
gcc_O2,16777216, 13.623896, 1.231455
gcc_O2,16777216, 13.627759, 1.231106
gcc_O2,16777216, 13.238806, 1.267276
