compilador_flag,photons,time,pus
gcc_O2,16777216, 44.891415, 0.373729
gcc_O2,16777216, 44.834328, 0.374205
gcc_O2,16777216, 44.891575, 0.373727
gcc_O2,16777216, 44.892326, 0.373721
gcc_O2,16777216, 44.902794, 0.373634
gcc_O2,16777216, 44.926775, 0.373435
gcc_O2,16777216, 44.979335, 0.372998
gcc_O2,16777216, 44.848076, 0.374090
gcc_O2,16777216, 44.824210, 0.374289
gcc_O2,16777216, 44.852284, 0.374055
