compilador_flag,photons,time,pus
gcc_O2,16777216, 36.898080, 0.454691
gcc_O2,16777216, 36.951056, 0.454039
gcc_O2,16777216, 36.923084, 0.454383
gcc_O2,16777216, 37.157941, 0.451511
gcc_O2,16777216, 36.906143, 0.454591
gcc_O2,16777216, 36.902327, 0.454638
gcc_O2,16777216, 36.884587, 0.454857
gcc_O2,16777216, 36.887329, 0.454823
gcc_O2,16777216, 36.911552, 0.454525
gcc_O2,16777216, 36.903069, 0.454629
